name,status,status_note,summary,official_url,official_label,checked_at
子育て支援センターやぎきた,closed,令和2年9月30日に廃止されています（市のお知らせで確認）。オープンデータの「公共施設所在地（子育て施設）」には残っています,,https://www.city.nagareyama.chiba.jp/life/1001107/1001239.html,流山市 地域子育て支援拠点・センター,2026-09-23
みらい子育て支援センター,closed,令和2年12月31日に廃止されています（市のお知らせで確認）。オープンデータの「公共施設所在地（子育て施設）」には残っています,,https://www.city.nagareyama.chiba.jp/life/1001107/1001239.html,流山市 地域子育て支援拠点・センター,2026-09-23
子育て支援センターKANADE,closed,令和3年3月31日に廃止されています（市のお知らせで確認）。オープンデータの「公共施設所在地（子育て施設）」には残っています,,https://www.city.nagareyama.chiba.jp/life/1001107/1001239.html,流山市 地域子育て支援拠点・センター,2026-09-23
イトーヨーカ堂流山店,,,流鉄流山線の平和台駅から歩いてすぐの大型スーパー。2階の赤ちゃん休憩室で授乳とおむつ替えができ、調乳用のお湯ももらえます。,https://stores.itoyokado.co.jp/detail/530/,イトーヨーカドー流山店,2026-09-23
流山おおたかの森Ｓ・Ｃ,,,流山おおたかの森駅の目の前のショッピングセンター。ベビー休憩室が本館1階・本館3階・ANNEX1階の3か所にあり、授乳・おむつ替え・調乳用のお湯が使えます。,https://otakanomori-sc.com/,流山おおたかの森S.C.,2026-09-23
流山おおたかの森S・C,,,流山おおたかの森駅の目の前のショッピングセンター。ベビー休憩室が本館1階・本館3階・ANNEX1階の3か所にあり、授乳・おむつ替え・調乳用のお湯が使えます。,https://otakanomori-sc.com/,流山おおたかの森S.C.,2026-09-23
流山セントラルパーク（流山市総合運動公園）,,,市内でいちばん広い公園（約15ヘクタール）。大型複合遊具とインクルーシブ遊具、ターザンロープがあり、芝生の広場・バーベキュー広場・SLの展示も同じ敷地にあります。多目的トイレあり。,,,2026-09-23
東部近隣公園（やまびこ公園）,,,芝生の広場と木製のアスレチック遊具がある約1.7ヘクタールの公園。林の中に遊歩道が通っています。多目的トイレあり。,,,2026-09-23
東深井地区公園,,,古墳群が残る約5.5ヘクタールの公園。ブランコとシーソーのほか遊具が15基あり、となりに森の図書館と市民プールがあります。多目的トイレあり。,,,2026-09-23
野々下水辺公園,,,北千葉導水路の上につくられた、小川を再現した公園。遊具はありませんが水辺を歩けて、水路で水遊びもできます（水は川の水なので飲めません。足元が滑ります）。夏は8時から18時ごろ水が流れます。,,,2026-09-23
運河水辺公園,,,明治23年に開通した利根運河ぞいの約2.4ヘクタールの公園。浮き桟橋と、運河を設計したオランダ人技師ムルデルの石碑があります。すべり台が1基、トイレあり。,,,2026-09-23
前ケ崎城址公園,,,16世紀の城跡の地形をいかした約0.4ヘクタールの公園。土塁や谷の形がそのまま残っています。,,,2026-09-23
