name,city,facility_type,address,area_m2,park_rank,official_url,official_label,summary,playground,toilet,diaper_table,nursing_room,open_time,close_time,open_hours,closed_days,fee_text,source_note,checked_at,lat,lon
県立柏の葉公園,柏市,公園,千葉県柏市柏の葉4-1,450000,major,https://www.pref.chiba.lg.jp/kouen/toshikouen/guidemap/kashiwanoha/index.html,千葉県 県立都市公園,広さ45ヘクタールの県立公園です。「冒険の砦」という遊具の広場があり、ボート池・日本庭園・バラ園・公園センターもあります。,冒険の砦,1,,,,,,,,千葉県のページに開設面積45.0ヘクタールと施設一覧,2026-09-23,,
あけぼの山農業公園,柏市,公園,千葉県柏市布施2005-2,180000,major,https://www.city.kashiwa.lg.jp/facilities/park/akebonoyama-nogyo.html,柏市 施設案内,風車と芝生広場のある広さ18ヘクタールの公園です。トイレと売店があります。隣のあけぼの山公園（6ヘクタール）には日本庭園・水生植物園・さくら山があります。,,1,,,,,,,,柏市のページに公園面積とトイレ・主な公園施設,2026-09-23,35.89701,140.00688
北柏ふるさと公園,柏市,公園,千葉県柏市呼塚新田205,,major,https://www.city.kashiwa.lg.jp/facilities/park/kitakashiwa.html,柏市 施設案内,手賀沼のほとりにある公園です。夏はじゃぶじゃぶ池で水遊びができます。JR北柏駅から徒歩約10分。,じゃぶじゃぶ池,1,,,,,,,,柏市のページにじゃぶじゃぶ池とアクセス,2026-09-23,35.86871,139.99067
柏ふるさと公園,柏市,公園,千葉県柏市柏下4,,major,https://www.city.kashiwa.lg.jp/facilities/park/kashiwafurusato.html,柏市 施設案内,大堀川と手賀沼が合わさるあたりにある公園です。駐車場は入庫から60分まで無料。,,1,,,,,,,,柏市のページに駐車場の案内とアクセス,2026-09-23,,
手賀の丘公園,柏市,公園,千葉県柏市片山275,,major,https://www.city.kashiwa.lg.jp/facilities/park/teganooka.html,柏市 施設案内,アスレチックコースとじゃぶじゃぶ池のある、森の中の公園です。,アスレチック・じゃぶじゃぶ池,1,,,,,,,,柏市のページにアスレチックコース案内図とじゃぶじゃぶ池,2026-09-23,,
増尾城址総合公園,柏市,公園,千葉県柏市増尾650,,major,https://www.city.kashiwa.lg.jp/facilities/park/masuojoshi.html,柏市 施設案内,城跡の森が残る公園です。管理事務所前の駐車場は午前9時から午後5時まで。,,1,,,,,,,,柏市のページに駐車場の開場時間,2026-09-23,,
大津ヶ丘中央公園,柏市,公園,千葉県柏市大津ケ丘1-15,33000,major,https://www.city.kashiwa.lg.jp/facilities/park/otsugaokachuo.html,柏市 施設案内,広さ3.3ヘクタールの公園です。トイレがあります。,,1,,,,,,,,柏市のページに公園面積3.3ヘクタールとトイレ,2026-09-23,,
柏ビレジ水辺公園,柏市,公園,千葉県柏市大室1148,41000,major,https://www.city.kashiwa.lg.jp/facilities/park/village.html,柏市 施設案内,広さ約4.1ヘクタールの水辺の公園です。トイレがあります。,,1,,,,,,,,柏市のページに公園面積約4.1ヘクタールとトイレ,2026-09-23,35.90561,139.97220
旧吉田家住宅歴史公園,柏市,公園,千葉県柏市花野井974-1,22000,major,https://www.city.kashiwa.lg.jp/facilities/park/kyuyoshidake.html,柏市 施設案内,江戸時代の住宅と芝地が残る広さ約2.2ヘクタールの歴史公園です。トイレがあります。,,1,,,,,,,,柏市のページに公園面積約2.2ヘクタールとトイレ,2026-09-23,,
21世紀の森と広場,松戸市,公園,千葉県松戸市千駄堀269,505000,major,https://www.city.matsudo.chiba.jp/shisetsu-guide/kouen_ryokuka/top/index.html,松戸市 21世紀の森と広場,広さ50.5ヘクタールの公園です。大型遊具の「あそびのすみか」があり、駐車場・バリアフリートイレ・おむつ替えスペースがあります。,あそびのすみか（大型遊具）,1,1,,,,午前9時から午後5時まで（7月21日から8月20日は午前7時から午後6時30分）,12月30日・31日・1月1日,,松戸市のページに開園時間・休園日・面積、子育てナビに設備,2026-09-23,,
松戸運動公園,松戸市,公園,千葉県松戸市上本郷4434,,major,https://www.city.matsudo.chiba.jp/kosodate/matsudodekosodate/kosodatenavi/dekakeyo/kouen/index.html,松戸市 まつどDE子育て「市内の公園」,松戸市が代表的な公園として挙げている公園です。駐車場・バリアフリートイレ・おむつ替えスペースがあります。,,1,1,,,,,,,松戸市の子育てページの「代表的な公園」の表,2026-09-23,,
ユーカリ交通公園,松戸市,公園,千葉県松戸市小金原1-25,,major,https://www.city.matsudo.chiba.jp/shisetsu-guide/kouen_ryokuka/yuukari-koutuu.html,松戸市 施設案内,信号や横断歩道で交通ルールを練習できる交通公園です。入園は無料で、子ども用の自転車用ヘルメットを無料で貸してくれます。おむつ替えスペースと駐車場があります。松戸市の「赤ちゃんぽけっと」に指定されていて、授乳とおむつ替えができます。,,1,1,1,,,毎日 9時〜12時、13時〜16時,,無料,松戸市のページに入園料無料とヘルメット貸出、子育てページに設備／赤ちゃんぽけっと一覧に提供曜日・時間,2026-09-27,,
東松戸ゆいの花公園,松戸市,公園,千葉県松戸市東松戸1-17-1,,major,https://www.city.matsudo.chiba.jp/shisetsu-guide/kouen_ryokuka/yuinohana/index.html,松戸市 施設案内,花の公園です。駐車場・バリアフリートイレ・おむつ替えスペースがあります。,,1,1,,,,,,,松戸市のページと子育てページの「代表的な公園」の表,2026-09-23,,
東松戸中央公園,松戸市,公園,千葉県松戸市東松戸1-11-2,,major,https://www.city.matsudo.chiba.jp/kosodate/matsudodekosodate/kosodatenavi/dekakeyo/kouen/index.html,松戸市 まつどDE子育て「市内の公園」,松戸市が代表的な公園として挙げている公園です。駐車場・バリアフリートイレ・おむつ替えスペースがあります。,,1,1,,,,,,,松戸市の子育てページの「代表的な公園」の表,2026-09-23,,
新松戸中央公園,松戸市,公園,千葉県松戸市新松戸6-22,,major,https://www.city.matsudo.chiba.jp/kosodate/matsudodekosodate/kosodatenavi/dekakeyo/kouen/index.html,松戸市 まつどDE子育て「市内の公園」,松戸市が代表的な公園として挙げている公園です。バリアフリートイレがあります。,,1,,,,,,,,松戸市の子育てページの「代表的な公園」の表,2026-09-23,,
根木内歴史公園,松戸市,公園,千葉県松戸市根木内41,,major,https://www.city.matsudo.chiba.jp/kosodate/matsudodekosodate/kosodatenavi/dekakeyo/kouen/index.html,松戸市 まつどDE子育て「市内の公園」,松戸市が代表的な公園として挙げている公園です。駐車場とバリアフリートイレがあります。,,1,,,,,,,,松戸市の子育てページの「代表的な公園」の表,2026-09-23,,
栗ケ沢公園,松戸市,公園,千葉県松戸市小金原8-26,,major,https://www.city.matsudo.chiba.jp/kosodate/matsudodekosodate/kosodatenavi/dekakeyo/kouen/index.html,松戸市 まつどDE子育て「市内の公園」,松戸市が代表的な公園として挙げている公園です。駐車場とバリアフリートイレがあります。,,1,,,,,,,,松戸市の子育てページの「代表的な公園」の表,2026-09-23,,
小金原公園,松戸市,公園,千葉県松戸市小金原6-10,,major,https://www.city.matsudo.chiba.jp/kosodate/matsudodekosodate/kosodatenavi/dekakeyo/kouen/index.html,松戸市 まつどDE子育て「市内の公園」,松戸市が代表的な公園として挙げている公園です。バリアフリートイレがあります。,,1,,,,,,,,松戸市の子育てページの「代表的な公園」の表,2026-09-23,,
金ケ作公園,松戸市,公園,千葉県松戸市常盤平3-27-1,,major,https://www.city.matsudo.chiba.jp/kosodate/matsudodekosodate/kosodatenavi/dekakeyo/kouen/index.html,松戸市 まつどDE子育て「市内の公園」,松戸市が代表的な公園として挙げている公園です。駐車場があります。,,,,,,,,,,松戸市の子育てページの「代表的な公園」の表,2026-09-23,,
戸定が丘歴史公園,松戸市,公園,千葉県松戸市松戸714-1,,major,https://www.city.matsudo.chiba.jp/tojo/tojogaoka_kouen/index.html,松戸市 戸定が丘歴史公園,徳川家ゆかりの邸宅と庭園が残る歴史公園です。駐車場とおむつ替えスペースがあります。,,,1,,,,,,,松戸市のページと子育てページの「代表的な公園」の表,2026-09-23,,
清水公園,野田市,公園,千葉県野田市清水906,,major,https://www.shimizu-kouen.com/,清水公園 公式ホームページ,フィールドアスレチック・アクアベンチャー・ポニー牧場・花ファンタジアのある公園です。アスレチックとアクアベンチャーは有料で、事前の予約が要ります。,フィールドアスレチック,1,,,,,,,アスレチック・アクアベンチャーは有料,公式ホームページに施設と予約制の案内,2026-09-23,,
都立水元公園,葛飾区,公園,東京都葛飾区水元公園3-2,966814,major,https://www.tokyo-park.or.jp/park/mizumoto/index.html,東京都公園協会 公園へ行こう！,広さ約96.7ヘクタールの水郷公園です。入園は無料（一部に有料の施設あり）。すべり台や砦の遊具があり、小さな子どもでも遊べます。常時開園。,すべり台・砦遊具,1,,,,,常時開園,,無料（一部有料施設あり）,公園協会のページに開園面積・入園料・遊具の説明,2026-09-23,,
豊四季台児童センター,柏市,児童館・児童センター,千葉県柏市かやの町2-26,,,https://www.city.kashiwa.lg.jp/facilities/kosodateshien/toyoshiki.html,柏市 施設案内,旧豊四季乳児保育園の2階にある児童センターです。柏市が「あかちゃんほっとステーション」に指定しており、授乳とおむつ替えができ、調乳用のお湯ももらえます。,,,1,1,09:00,17:00,,月曜日、祝日、年末年始（12月29日〜1月3日）,,柏市の施設ページに所在地・開館時間・休館日、あかちゃんほっとステーション一覧に設備,2026-09-27,35.86824,139.95491
しこだ児童センター,柏市,児童館・児童センター,千葉県柏市篠籠田609-5,,,https://www.city.kashiwa.lg.jp/facilities/kosodateshien/shikoda1.html,柏市 施設案内,柏の葉方面のバスで行ける児童センターです。柏市が「あかちゃんほっとステーション」に指定しており、授乳とおむつ替えができ、調乳用のお湯ももらえます。駐車場があります。,,,1,1,09:00,17:00,,月曜日、祝日、年末年始（12月29日〜1月3日）,,柏市の施設ページに所在地・開館時間・休館日、あかちゃんほっとステーション一覧に設備,2026-09-27,35.87254,139.96374
永楽台児童センター,柏市,児童館・児童センター,千葉県柏市永楽台2-11-25,,,https://www.city.kashiwa.lg.jp/facilities/kosodateshien/erakudai.html,柏市 施設案内,永楽台近隣センターの中にある児童センターです。東武アーバンパークライン新柏駅から徒歩10分。駐車場は少なめです。,,,1,1,09:00,17:00,,第3月曜日、年末年始（12月29日〜1月3日）,,柏市の施設ページに所在地・開館時間・休館日,2026-09-27,35.84301,139.97177
光ケ丘遊戯室,柏市,児童館・児童センター,千葉県柏市光ケ丘団地200-5,,,https://www.city.kashiwa.lg.jp/facilities/kosodateshien/hikarigaoka.html,柏市 施設案内,光ヶ丘近隣センター2階の遊戯室です。柏市が「あかちゃんほっとステーション」に指定しており、授乳とおむつ替えができ、調乳用のお湯ももらえます。駐車場が少ないので公共交通機関か自転車で。,,,1,1,,,午前9時〜正午、午後1時〜午後5時,月曜日、祝日、年末年始（12月29日〜1月3日）,,柏市の施設ページに所在地・開館時間・休館日、あかちゃんほっとステーション一覧に設備,2026-09-27,35.82948,139.95781
はぐはぐひろば柏たなか,柏市,子育て支援センター,千葉県柏市大室1-4,,,https://www.city.kashiwa.lg.jp/facilities/kosodateshien/haguhaguhirobawakshiba.html,柏市 施設案内,柏たなか駅前公園の中にある子育て支援拠点です。就学前の乳幼児と保護者、妊娠中のかたが使えます。授乳とおむつ替えができ、調乳用のお湯ももらえます。公園内に駐車場があります（最初の60分無料）。,,,1,1,,,月曜日〜土曜日（祝日を除く）午前9時30分〜午後4時30分,,,柏市の施設ページに所在地・対象者・駐車場、あかちゃんほっとステーション一覧に設備と時間,2026-09-27,35.90920,139.95868
柏市子ども・子育て支援複合施設 TeToTe,柏市,子育て支援センター,千葉県柏市柏4-9-7,,,https://www.city.kashiwa.lg.jp/haguhagu/navi/asobiba/sonota/station.html,柏市 あかちゃんほっとステーション,柏駅近くの子ども・子育て支援の複合施設です。1階と2階におむつ替えスペース、1階に授乳スペースがあります。調乳用のお湯は乳幼児一時預かり「はぐはぐポケット中央」の営業時間内（月〜土 午前9時〜午後5時）にもらえます。,,,1,1,07:00,19:00,,,,柏市のあかちゃんほっとステーション一覧に利用時間と設備,2026-09-27,35.86381,139.97281
富士見保育園,柏市,授乳・おむつ替え,千葉県柏市豊四季126-2,,,https://www.city.kashiwa.lg.jp/haguhagu/navi/asobiba/sonota/station.html,柏市 あかちゃんほっとステーション,柏市が指定した「あかちゃんほっとステーション」です。外出のとちゅうに立ち寄って授乳とおむつ替えができます。,,,1,1,10:00,16:00,,,,柏市のあかちゃんほっとステーション一覧（保育園）に所在地と利用時間,2026-09-27,35.86662,139.93333
しこだ保育園,柏市,授乳・おむつ替え,千葉県柏市篠籠田1275-5,,,https://www.city.kashiwa.lg.jp/haguhagu/navi/asobiba/sonota/station.html,柏市 あかちゃんほっとステーション,柏市が指定した「あかちゃんほっとステーション」です。外出のとちゅうに立ち寄って授乳とおむつ替えができます。,,,1,1,10:00,16:00,,,,柏市のあかちゃんほっとステーション一覧（保育園）に所在地と利用時間,2026-09-27,35.87293,139.95645
豊四季保育園,柏市,授乳・おむつ替え,千葉県柏市豊四季台2-1-120,,,https://www.city.kashiwa.lg.jp/haguhagu/navi/asobiba/sonota/station.html,柏市 あかちゃんほっとステーション,柏市が指定した「あかちゃんほっとステーション」です。外出のとちゅうに立ち寄って授乳とおむつ替えができます。,,,1,1,10:00,16:00,,,,柏市のあかちゃんほっとステーション一覧（保育園）に所在地と利用時間,2026-09-27,35.86481,139.95790
豊町保育園,柏市,授乳・おむつ替え,千葉県柏市豊四季698-28,,,https://www.city.kashiwa.lg.jp/haguhagu/navi/asobiba/sonota/station.html,柏市 あかちゃんほっとステーション,柏市が指定した「あかちゃんほっとステーション」です。外出のとちゅうに立ち寄って授乳とおむつ替えができます。,,,1,1,10:00,16:00,,,,柏市のあかちゃんほっとステーション一覧（保育園）に所在地と利用時間,2026-09-27,35.84705,139.96173
田中保育園,柏市,授乳・おむつ替え,千葉県柏市正連寺100,,,https://www.city.kashiwa.lg.jp/haguhagu/navi/asobiba/sonota/station.html,柏市 あかちゃんほっとステーション,柏市が指定した「あかちゃんほっとステーション」です。外出のとちゅうに立ち寄って授乳とおむつ替えができます。,,,1,1,10:00,16:00,,,,柏市のあかちゃんほっとステーション一覧（保育園）に所在地と利用時間,2026-09-27,35.90054,139.95651
松葉保育園,柏市,授乳・おむつ替え,千葉県柏市松葉町4-11,,,https://www.city.kashiwa.lg.jp/haguhagu/navi/asobiba/sonota/station.html,柏市 あかちゃんほっとステーション,柏市が指定した「あかちゃんほっとステーション」です。外出のとちゅうに立ち寄って授乳とおむつ替えができます。,,,1,1,10:00,16:00,,,,柏市のあかちゃんほっとステーション一覧（保育園）に所在地と利用時間,2026-09-27,35.88975,139.96964
柏の葉キャンパス保育園,柏市,授乳・おむつ替え,千葉県柏市若柴173-8,,,https://www.city.kashiwa.lg.jp/haguhagu/navi/asobiba/sonota/station.html,柏市 あかちゃんほっとステーション,柏の葉キャンパス151街区A棟1階にあります。柏市が指定した「あかちゃんほっとステーション」です。外出のとちゅうに立ち寄って授乳とおむつ替えができます。,,,1,1,10:00,16:00,,,,柏市のあかちゃんほっとステーション一覧（保育園）に所在地と利用時間,2026-09-27,35.89316,139.95337
LIFE SCHOOL柏の葉菜,柏市,授乳・おむつ替え,千葉県柏市十余二287-308,,,https://www.city.kashiwa.lg.jp/haguhagu/navi/asobiba/sonota/station.html,柏市 あかちゃんほっとステーション,柏市が指定した「あかちゃんほっとステーション」です。外出のとちゅうに立ち寄って授乳とおむつ替えができます。,,,1,1,09:00,17:00,,,,柏市のあかちゃんほっとステーション一覧（保育園）に所在地と利用時間,2026-09-27,35.88603,139.96350
新富近隣センター,柏市,授乳・おむつ替え,千葉県柏市豊四季945-1,,,https://www.city.kashiwa.lg.jp/haguhagu/navi/asobiba/sonota/station.html,柏市 あかちゃんほっとステーション,柏市が指定した「あかちゃんほっとステーション」です。多目的トイレのベビーベッドでおむつ替えができ、授乳スペースと調乳用のお湯もあります（職員に声をかけてください）。,,,1,1,,,開館時間内,,,柏市のあかちゃんほっとステーション一覧（近隣センター）に所在地と設備,2026-09-27,35.85311,139.93480
豊四季台近隣センター,柏市,授乳・おむつ替え,千葉県柏市豊四季台1-1-116,,,https://www.city.kashiwa.lg.jp/haguhagu/navi/asobiba/sonota/station.html,柏市 あかちゃんほっとステーション,柏市が指定した「あかちゃんほっとステーション」です。多目的トイレのベビーベッドでおむつ替えができ、授乳スペースと調乳用のお湯もあります（職員に声をかけてください）。,,,1,1,,,開館時間内,,,柏市のあかちゃんほっとステーション一覧（近隣センター）に所在地と設備,2026-09-27,35.86862,139.95496
豊四季台近隣センター 体育館,柏市,授乳・おむつ替え,千葉県柏市かやの町2-65,,,https://www.city.kashiwa.lg.jp/haguhagu/navi/asobiba/sonota/station.html,柏市 あかちゃんほっとステーション,柏市が指定した「あかちゃんほっとステーション」です。多目的トイレのベビーベッドでおむつ替えができ、授乳スペースと調乳用のお湯もあります（職員に声をかけてください）。,,,1,1,,,開館時間内,,,柏市のあかちゃんほっとステーション一覧（近隣センター）に所在地と設備,2026-09-27,35.86565,139.95364
高田近隣センター,柏市,授乳・おむつ替え,千葉県柏市高田693-2,,,https://www.city.kashiwa.lg.jp/haguhagu/navi/asobiba/sonota/station.html,柏市 あかちゃんほっとステーション,柏市が指定した「あかちゃんほっとステーション」です。多目的トイレのベビーベッドでおむつ替えができ、授乳スペースと調乳用のお湯もあります（職員に声をかけてください）。,,,1,1,,,開館時間内,,,柏市のあかちゃんほっとステーション一覧（近隣センター）に所在地と設備,2026-09-27,35.87435,139.95891
ららぽーと柏の葉,柏市,授乳・おむつ替え,千葉県柏市若柴175,,,https://www.city.kashiwa.lg.jp/haguhagu/navi/asobiba/sonota/station.html,柏市 あかちゃんほっとステーション,つくばエクスプレス柏の葉キャンパス駅前の大型商業施設です。柏市の「あかちゃんほっとステーション」で、各フロアのトイレでおむつ替えができ、授乳スペースと調乳用のお湯もあります。,,,1,1,,,営業時間内,,,柏市のあかちゃんほっとステーション一覧（民間施設）に所在地と設備,2026-09-27,35.89335,139.95119
イオン柏店,柏市,授乳・おむつ替え,千葉県柏市豊町2-5-25,,,https://www.city.kashiwa.lg.jp/haguhagu/navi/asobiba/sonota/station.html,柏市 あかちゃんほっとステーション,柏市の「あかちゃんほっとステーション」に指定された大型店です。おむつ替えスペースと授乳スペースがあり、ベビー用品売り場のレジに調乳用のお湯のポットがあります。室内に子ども用トイレもあります。,,,1,1,,,営業時間内,,,柏市のあかちゃんほっとステーション一覧（民間施設）に所在地と設備,2026-09-27,35.85256,139.95990
おやこDE広場 北小金（ピコティ北小金東館）,松戸市,子育て支援センター,千葉県松戸市小金1,,,https://www.city.matsudo.chiba.jp/kosodate/matsudodekosodate/kosodatenavi/dekakeyo/hirobalist/index.html,松戸市 まつどDE子育て,ピコティ北小金東館2階の集会所で開く、おおむね0歳から3歳の親子が集える広場です。子育てコーディネーターがいます。授乳とおむつ替えができ、調乳用のお湯ももらえます。,,,1,1,09:30,16:30,,祝日、年末年始（12月29日〜1月3日）／水曜日〜金曜日に開設,,松戸市のおやこDE広場一覧に開館時間と住所、赤ちゃんぽけっと一覧に設備,2026-09-27,35.83289,139.93144
おやこDE広場 北小金（小金保健福祉センター）,松戸市,子育て支援センター,千葉県松戸市小金2,,,https://www.city.matsudo.chiba.jp/kosodate/matsudodekosodate/kosodatenavi/dekakeyo/hirobalist/index.html,松戸市 まつどDE子育て,ピコティ北小金西館3階の小金保健福祉センターで開く広場です。月曜日だけの開設で、おおむね0歳から3歳の親子が集えます。授乳とおむつ替えができます。,,,1,1,09:30,16:30,,祝日、年末年始（12月29日〜1月3日）／月曜日に開設,,松戸市のおやこDE広場一覧に開館時間と住所、赤ちゃんぽけっと一覧に設備,2026-09-27,35.83235,139.93114
おやこDE広場 小金原（タウンスクール根木内）,松戸市,子育て支援センター,千葉県松戸市小金原2-3,,,https://www.city.matsudo.chiba.jp/kosodate/matsudodekosodate/kosodatenavi/dekakeyo/hirobalist/index.html,松戸市 まつどDE子育て,根木内小学校の中のタウンスクール根木内3階で開く広場です。おおむね0歳から3歳の親子が集え、子育てコーディネーターがいます。授乳とおむつ替えができ、調乳用のお湯ももらえます。,,,1,1,09:30,16:30,,年末年始（12月29日〜1月3日）／月曜・水曜・金曜・土曜に開設,,松戸市のおやこDE広場一覧に開館時間と住所、赤ちゃんぽけっと一覧に設備,2026-09-27,35.82359,139.94553
おやこDE広場 八ケ崎,松戸市,子育て支援センター,千葉県松戸市八ケ崎2-8-1,,,https://www.city.matsudo.chiba.jp/kosodate/matsudodekosodate/kosodatenavi/dekakeyo/hirobalist/index.html,松戸市 まつどDE子育て,テラスモール松戸1階の区画にある広場です。おおむね0歳から3歳の親子が集えます。買い物のついでに寄れます。,,,1,1,10:00,17:00,,祝日、年末年始（12月29日〜1月3日）／月曜・火曜・木曜・金曜・土曜に開設,,松戸市のおやこDE広場一覧に開館時間と住所,2026-09-27,35.81767,139.93282
ほっとるーむ新松戸,松戸市,子育て支援センター,千葉県松戸市新松戸3-1-4,,,https://www.city.matsudo.chiba.jp/kosodate/matsudodekosodate/kosodatenavi/dekakeyo/hirobalist/index.html,松戸市 まつどDE子育て,新松戸未来館1階にある子育て支援の拠点です。火曜日から日曜日まで開いており、授乳とおむつ替えができ、調乳用のお湯ももらえます。,,,1,1,10:00,18:00,,月曜日、年末年始（12月29日〜1月3日）,,松戸市のおやこDE広場一覧に開館時間と住所、赤ちゃんぽけっと一覧に設備,2026-09-27,35.82538,139.91786
グレース子育て支援センター,松戸市,子育て支援センター,千葉県松戸市大金平3-132-1,,,https://www.city.matsudo.chiba.jp/kosodate/matsudodekosodate/kosodatenavi/dekakeyo/shiencenter/index.html,松戸市 まつどDE子育て,大金平グレース保育園の中にある子育て支援センターです。月に1回土曜日も開きます。授乳とおむつ替えができ、調乳用のお湯ももらえます。,,,1,1,10:00,15:00,,土曜日（月1回開設）・日曜日・年末年始,,松戸市の子育て支援センター一覧に開館時間と住所、赤ちゃんぽけっと一覧に設備,2026-09-27,35.83731,139.92101
根木内こども館,松戸市,児童館・児童センター,千葉県松戸市根木内145,,,https://www.city.matsudo.chiba.jp/kosodate/matsudodekosodate/kosodatenavi/dekakeyo/jidoukan/negiuchikodomokan.html,松戸市 まつどDE子育て,児童養護施設 晴香園の中にあるこども館です。年末年始を除いて毎日開いています。授乳とおむつ替えができ、調乳用のお湯ももらえます。おやこDE広場も併設しています。,,,1,1,10:00,17:00,,年末年始,,松戸市の児童館・こども館のページと赤ちゃんぽけっと一覧に開館時間と設備,2026-09-27,35.83119,139.94351
小金北保育所,松戸市,授乳・おむつ替え,千葉県松戸市中金杉3-192,,,https://www.city.matsudo.chiba.jp/kosodate/matsudodekosodate/kosodatenavi/dekakeyo/akachanpocket.html,松戸市 赤ちゃんぽけっと,松戸市の「赤ちゃんぽけっと」です。外出のとちゅうに立ち寄って授乳とおむつ替えができ、調乳用のお湯ももらえます。,,,1,1,09:00,16:00,,土曜日・日曜日・祝日,,松戸市の赤ちゃんぽけっと一覧に所在地・提供曜日・時間・お湯の有無,2026-09-27,35.83876,139.92294
北小金グレースこども園,松戸市,授乳・おむつ替え,千葉県松戸市殿平賀200-11,,,https://www.city.matsudo.chiba.jp/kosodate/matsudodekosodate/kosodatenavi/dekakeyo/akachanpocket.html,松戸市 赤ちゃんぽけっと,松戸市の「赤ちゃんぽけっと」です。外出のとちゅうに立ち寄って授乳とおむつ替えができ、調乳用のお湯ももらえます。,,,1,1,09:00,17:00,,土曜日・日曜日・祝日,,松戸市の赤ちゃんぽけっと一覧に所在地・提供曜日・時間・お湯の有無,2026-09-27,35.83252,139.93030
新松戸北保育所,松戸市,授乳・おむつ替え,千葉県松戸市新松戸7-145-3,,,https://www.city.matsudo.chiba.jp/kosodate/matsudodekosodate/kosodatenavi/dekakeyo/akachanpocket.html,松戸市 赤ちゃんぽけっと,松戸市の「赤ちゃんぽけっと」です。外出のとちゅうに立ち寄って授乳とおむつ替えができ、調乳用のお湯ももらえます。,,,1,1,09:00,16:00,,土曜日・日曜日・祝日,,松戸市の赤ちゃんぽけっと一覧に所在地・提供曜日・時間・お湯の有無,2026-09-27,35.82933,139.89978
新松戸中央保育所,松戸市,授乳・おむつ替え,千葉県松戸市新松戸3-111,,,https://www.city.matsudo.chiba.jp/kosodate/matsudodekosodate/kosodatenavi/dekakeyo/akachanpocket.html,松戸市 赤ちゃんぽけっと,松戸市の「赤ちゃんぽけっと」です。外出のとちゅうに立ち寄って授乳とおむつ替えができ、調乳用のお湯ももらえます。,,,1,1,09:00,16:00,,土曜日・日曜日・祝日,,松戸市の赤ちゃんぽけっと一覧に所在地・提供曜日・時間・お湯の有無,2026-09-27,35.82538,139.91238
新松戸南部保育所,松戸市,授乳・おむつ替え,千葉県松戸市新松戸南2-17,,,https://www.city.matsudo.chiba.jp/kosodate/matsudodekosodate/kosodatenavi/dekakeyo/akachanpocket.html,松戸市 赤ちゃんぽけっと,松戸市の「赤ちゃんぽけっと」です。外出のとちゅうに立ち寄って授乳とおむつ替えができ、調乳用のお湯ももらえます。,,,1,1,09:00,16:00,,土曜日・日曜日・祝日,,松戸市の赤ちゃんぽけっと一覧に所在地・提供曜日・時間・お湯の有無,2026-09-27,35.82051,139.91159
コアラ保育所,松戸市,授乳・おむつ替え,千葉県松戸市小金原4-6,,,https://www.city.matsudo.chiba.jp/kosodate/matsudodekosodate/kosodatenavi/dekakeyo/akachanpocket.html,松戸市 赤ちゃんぽけっと,松戸市の「赤ちゃんぽけっと」です。外出のとちゅうに立ち寄って授乳とおむつ替えができ、調乳用のお湯ももらえます。,,,1,1,09:00,16:00,,土曜日・日曜日・祝日,,松戸市の赤ちゃんぽけっと一覧に所在地・提供曜日・時間・お湯の有無,2026-09-27,35.82224,139.93727
さくら保育園,松戸市,授乳・おむつ替え,千葉県松戸市小金原4-37-15,,,https://www.city.matsudo.chiba.jp/kosodate/matsudodekosodate/kosodatenavi/dekakeyo/akachanpocket.html,松戸市 赤ちゃんぽけっと,松戸市の「赤ちゃんぽけっと」です。外出のとちゅうに立ち寄って授乳とおむつ替えができ、調乳用のお湯ももらえます。,,,1,1,09:30,16:30,,土曜日・日曜日・祝日,,松戸市の赤ちゃんぽけっと一覧に所在地・提供曜日・時間・お湯の有無,2026-09-27,35.82008,139.94240
東進幼稚舎,松戸市,授乳・おむつ替え,千葉県松戸市新松戸1-345-3,,,https://www.city.matsudo.chiba.jp/kosodate/matsudodekosodate/kosodatenavi/dekakeyo/akachanpocket.html,松戸市 赤ちゃんぽけっと,松戸市の「赤ちゃんぽけっと」です。外出のとちゅうに立ち寄って授乳とおむつ替えができ、調乳用のお湯ももらえます。,,,1,1,10:00,16:00,,土曜日・日曜日・祝日,,松戸市の赤ちゃんぽけっと一覧に所在地・提供曜日・時間・お湯の有無,2026-09-27,35.82764,139.92171
新松戸ベビーホーム,松戸市,授乳・おむつ替え,千葉県松戸市新松戸6-118-1,,,https://www.city.matsudo.chiba.jp/kosodate/matsudodekosodate/kosodatenavi/dekakeyo/akachanpocket.html,松戸市 赤ちゃんぽけっと,松戸市の「赤ちゃんぽけっと」です。平日は朝8時から夜7時まで、土曜日も夕方5時まで開いており、授乳とおむつ替えができ、調乳用のお湯ももらえます。,,,1,1,,,月曜日〜金曜日 8時〜19時、土曜日 8時〜17時,日曜日,,松戸市の赤ちゃんぽけっと一覧に所在地・提供曜日・時間・お湯の有無,2026-09-27,35.82619,139.90672
小金北市民センター,松戸市,授乳・おむつ替え,千葉県松戸市中金杉2-159-2,,,https://www.city.matsudo.chiba.jp/kosodate/matsudodekosodate/kosodatenavi/dekakeyo/akachanpocket.html,松戸市 赤ちゃんぽけっと,松戸市の「赤ちゃんぽけっと」です。朝9時から夜9時まで開いており、授乳とおむつ替えができます。,,,1,1,09:00,21:00,,毎月第3月曜日（祝日の場合は翌平日）、年末年始,,松戸市の赤ちゃんぽけっと一覧に所在地・提供曜日・時間・お湯の有無,2026-09-27,35.84112,139.92639
小金市民センター,松戸市,授乳・おむつ替え,千葉県松戸市小金きよしケ丘3-1-1,,,https://www.city.matsudo.chiba.jp/kosodate/matsudodekosodate/kosodatenavi/dekakeyo/akachanpocket.html,松戸市 赤ちゃんぽけっと,松戸市の「赤ちゃんぽけっと」です。朝9時から夜9時まで開いており、授乳とおむつ替えができます。,,,1,1,09:00,21:00,,毎月第4月曜日（祝日の場合は翌平日）、年末年始,,松戸市の赤ちゃんぽけっと一覧に所在地・提供曜日・時間・お湯の有無,2026-09-27,35.82856,139.93391
新松戸市民センター,松戸市,授乳・おむつ替え,千葉県松戸市新松戸3-27,,,https://www.city.matsudo.chiba.jp/kosodate/matsudodekosodate/kosodatenavi/dekakeyo/akachanpocket.html,松戸市 赤ちゃんぽけっと,松戸市の「赤ちゃんぽけっと」です。朝9時から夜9時まで開いており、授乳とおむつ替えができます。,,,1,1,09:00,21:00,,毎月第1月曜日（祝日の場合は翌平日）、年末年始,,松戸市の赤ちゃんぽけっと一覧に所在地・提供曜日・時間・お湯の有無,2026-09-27,35.82631,139.91363
松戸市市民交流会館,松戸市,授乳・おむつ替え,千葉県松戸市新松戸7-192-1,,,https://www.city.matsudo.chiba.jp/kosodate/matsudodekosodate/kosodatenavi/dekakeyo/akachanpocket.html,松戸市 赤ちゃんぽけっと,松戸市の「赤ちゃんぽけっと」です。朝9時から夜9時まで開いており、授乳とおむつ替えができます。,,,1,1,09:00,21:00,,毎月第4月曜日（祝日の場合は翌平日）、年末年始,,松戸市の赤ちゃんぽけっと一覧に所在地・提供曜日・時間・お湯の有無,2026-09-27,35.83054,139.90524
