name,lat,lon,category,facility_type,age_min,age_max,open_time,close_time,closed_days,fee_text,fee_free,stroller_ok,nursing_room,diaper_table,hot_water,indoor,dropin,visit_note,note,source_url,checked_at
流山市役所,35.8562708,139.9028991,赤ちゃんほっとスペース,赤ちゃんほっとスペース,-9,35,,,,無料,1,1,1,1,1,1,1,,授乳・おむつ替えができる（施設の開所時間内）。ごみは持ち帰り,https://www.city.nagareyama.chiba.jp/life/1001107/1001286/1001287.html,2026-09-22
流山市保健センター,35.8799642,139.9177748,赤ちゃんほっとスペース,赤ちゃんほっとスペース,-9,35,,,,無料,1,1,1,1,,1,1,,授乳・おむつ替えができる（施設の開所時間内）。ごみは持ち帰り,https://www.city.nagareyama.chiba.jp/life/1001107/1001286/1001287.html,2026-09-22
流山市立中央図書館,35.8590704,139.9024963,赤ちゃんほっとスペース,赤ちゃんほっとスペース,-9,35,,,,無料,1,1,1,1,1,1,1,,授乳・おむつ替えができる（施設の開所時間内）。ごみは持ち帰り,https://www.city.nagareyama.chiba.jp/life/1001107/1001286/1001287.html,2026-09-22
イトーヨーカ堂流山店,35.850096,139.899338,赤ちゃんほっとスペース,赤ちゃんほっとスペース,-9,35,,,,無料,1,1,1,1,1,1,1,,授乳・おむつ替えができる（施設の開所時間内）。ごみは持ち帰り,https://www.city.nagareyama.chiba.jp/life/1001107/1001286/1001287.html,2026-09-22
流山おおたかの森Ｓ・Ｃ,35.87046,139.925728,赤ちゃんほっとスペース,赤ちゃんほっとスペース,-9,35,,,,無料,1,1,1,1,1,1,1,,授乳・おむつ替えができる（施設の開所時間内）。ごみは持ち帰り,https://www.city.nagareyama.chiba.jp/life/1001107/1001286/1001287.html,2026-09-22
ぴのぴの,35.872856,139.921661,子育て支援センター,子育て支援センター,0,71,09:30,16:30,,無料,1,1,,,,1,1,予約なしで、その日に行けます,"月、火、木～土曜日 第2,4,5日曜 9時30分～16時30分 （11時30分～13時00分は、持参した昼食を食べるスペースがあります）／電話 04-7199-3320",https://www.city.nagareyama.chiba.jp/institution/1004043/1004137/1054659.html,2026-09-22
ことこと,35.837238,139.89621,子育て支援センター,子育て支援センター,0,71,10:00,17:00,,無料,1,1,,,,1,1,予約なしで、その日に行けます,"月、火、木～土曜日 第2,4,5日曜 10時00分～17時00分 （11時30分～13時00分は、持参した昼食を食べるスペースがあります）／電話 04-7170-1899",https://www.city.nagareyama.chiba.jp/institution/1004043/1004137/1051193.html,2026-09-22
ぽっかぽか,35.844238,139.94342,子育て支援センター,子育て支援センター,0,71,10:00,17:00,,無料,1,1,,,,1,1,予約なしで、その日に行けます,"月、水～土曜日、 第2,4,5日曜 10時00分～17時00分 （11時30分～13時00分は、持参した昼食を食べるスペースがあります）／電話 070-6612-4217",https://www.city.nagareyama.chiba.jp/institution/1004043/1004137/1050392.html,2026-09-22
てるてる,35.896015,139.913284,子育て支援センター,子育て支援センター,0,71,10:00,17:00,,無料,1,1,,,,1,1,予約なしで、その日に行けます,"フロア開放 月曜日、水～土曜日、第2,4,5日曜日 午前10時～午後5時 (午前11時30分～午後1時は、お昼を持参して食べることができます。)／電話 04-7136-2032",https://www.city.nagareyama.chiba.jp/institution/1004043/1004137/1047295.html,2026-09-22
みんなのFratto,35.851357,139.916946,子育て支援センター,子育て支援センター,0,71,09:00,12:00,,無料,1,1,,,,1,1,予約なしで、その日に行けます,フロア開放 月～金曜日、土曜日（月1回） (1)午前9時～午後0時 (2)午後1時30分～午後3時30分／電話 04-7168-0827,https://www.city.nagareyama.chiba.jp/institution/1004043/1004137/1025078.html,2026-09-22
かもめルーム,35.880047,139.926361,子育て支援センター,子育て支援センター,0,71,09:00,12:30,,無料,1,1,,,,1,1,予約なしで、その日に行けます,フロア開放 月～金曜日 (1)午前9時～午後0時30分 (2)午後2時30分～午後4時／電話 04-7154-5252,https://www.city.nagareyama.chiba.jp/institution/1004043/1004137/1004138.html,2026-09-22
いつき さくらんぼ,35.83802,139.907394,子育て支援センター,子育て支援センター,0,71,09:00,12:00,,無料,1,1,,,,1,1,予約なしで、その日に行けます,フロア開放 月～金曜日 (1)午前9時～午後0時 (2)午後2時～午後4時／電話 04-7158-1145,https://www.city.nagareyama.chiba.jp/institution/1004043/1004137/1004139.html,2026-09-22
CMSおおたかの森子育て支援センター,35.87262,139.926468,子育て支援センター,子育て支援センター,0,71,09:00,12:00,,無料,1,1,,,,1,1,予約が要ります（公式ページで確認してください）,フロア開放 月～金曜日(公式LINEで要予約) (1)午前9時～午後0時 (2)午後1時～午後4時／電話 04-7178-3061,https://www.city.nagareyama.chiba.jp/institution/1004043/1004137/1004140.html,2026-09-22
ひまわり,35.877056,139.938934,子育て支援センター,子育て支援センター,0,71,09:00,12:00,,無料,1,1,,,,1,1,予約なしで、その日に行けます,フロア開放 月～金曜日 (1)午前9時～午後0時 (2)午後0時30分～午後2時30分／電話 04-7152-1155,https://www.city.nagareyama.chiba.jp/institution/1004043/1004137/1004142.html,2026-09-22
かるがも,35.87537,139.912354,子育て支援センター,子育て支援センター,0,71,09:00,12:00,,無料,1,1,,,,1,1,予約なしで、その日に行けます,フロア開放 月～金曜日(予約不要) (1)午前9時～午後0時 (2)午後2時～午後4時／電話 04-7159-2813,https://www.city.nagareyama.chiba.jp/institution/1004043/1004137/1004143.html,2026-09-22
わらしこ,35.862167,139.905823,子育て支援センター,子育て支援センター,0,71,09:00,14:00,,無料,1,1,,,,1,1,予約なしで、その日に行けます,フロア開放 月～金曜日 午前9時～午後2時（午前11時30分～午後0時15分は、お弁当を持参して食べることができます。）／電話 04-7150-5002,https://www.city.nagareyama.chiba.jp/institution/1004043/1004137/1004144.html,2026-09-22
おひさま,35.849094,139.899445,子育て支援センター,子育て支援センター,0,71,09:30,12:00,,無料,1,1,,,,1,1,予約なしで、その日に行けます,フロア開放 月～金曜日 (1)午前9時30分～午後0時 (2)午後1時～午後3時30分／電話 04-7170-2111,https://www.city.nagareyama.chiba.jp/institution/1004043/1004137/1004147.html,2026-09-22
さくらんぼルーム,35.835228,139.90062,子育て支援センター,子育て支援センター,0,71,09:00,12:00,,無料,1,1,,,,1,1,予約なしで、その日に行けます,フロア開放 月～金曜日 (1)午前9時～午後0時 (2)午後1時～午後3時／電話 04-7159-3401,https://www.city.nagareyama.chiba.jp/institution/1004043/1004137/1004148.html,2026-09-22
ぺんぎん,35.885796,139.907928,子育て支援センター,子育て支援センター,0,71,09:00,12:00,,無料,1,1,,,,1,1,予約が要ります（公式ページで確認してください）,フロア開放 火・水・木曜日（要予約） (1)午前9時～午後0時 (2)午後0時30分～午後2時30分 ※イベント等で変更あり／電話 04-7152-8966,https://www.city.nagareyama.chiba.jp/institution/1004043/1004137/1004149.html,2026-09-22
おひさま城の星おおたかの森,35.859825,139.922989,子育て支援センター,子育て支援センター,0,71,10:00,15:00,,無料,1,1,,,,1,1,予約なしで、その日に行けます,フロア開放 月～金曜日 午前10時～午後3時／電話 04-7197-2666,https://www.city.nagareyama.chiba.jp/institution/1004043/1004137/1004151.html,2026-09-22
